9ADF622P40021,100-000000933,2024-10-23
9KQ3817X20006,100-000000933,2024-10-10
9LT5644X20012,100-000000346,2024-10-08
9KR4561O30030,100-000000933,2024-10-08
9KY2889X30082,100-000000933,2024-10-07
9KQ3831X20008,100-000000933,2024-10-03
9KQ4615X20024,100-000000346,2024-10-03
9LT8452X20144,100-000000346,2024-10-01
9KQ3865X20019,100-000000933,2024-09-26
9KQ6061M30085,100-000000933,2024-09-26
9LT4341X20159,100-000000346,2024-09-26
9KQ3831X20030,100-000000933,2024-09-25
9KQ3844X20255,100-000000346,2024-09-24
9LO4063X20086,100-000000346,2024-09-24
9KQ6051M30072,100-000000933,2024-09-12
9MF2148Q40070,100-000000933,2024-09-06
9ADH196Q40012,100-000000933,2024-09-05
9MC9806Q40023,100-000000933,2024-09-05
9KZ4423X30023,100-000000933,2024-09-05
9KP8370W20115,100-000000346,2024-08-27
9ACE864X30037,100-000000933,2024-08-26
9LO5758W20035,100-000000346,2024-08-22
9ACE248X30019,100-000000933,2024-08-17
9ACK674N40005,100-000000800,2024-08-13
9LO4438X20116,100-000000346,2024-08-08
9KQ5064X20035,100-000000346,2024-08-07
9KQ3915X20094,100-000000346,2024-08-06
9MC9504P40049,100-000000933,2024-07-31
9MC9466P40043,100-000000933,2024-07-31
9MF2751Q40034,100-000000933,2024-07-30
9LO6299X20084,100-000000346,2024-07-30
9MF6360P40094,100-000000933,2024-07-29
9MC9496P40009,100-000000933,2024-07-28
9KQ4998X20190,100-000000346,2024-07-28
9MC9553P40019,100-000000933,2024-07-27
9MC9688P40071,100-000000933,2024-07-25
9ACY514O40071,100-000000933,2024-07-19
9LO5748X20095,100-000000346,2024-07-19
9MC7641O40020,100-000000933,2024-07-16
9LO5748X20093,100-000000346,2024-07-15
9MC7964O40030,100-000000933,2024-07-12
9LO7345W20206,100-000000346,2024-07-10
9ABW801O40021,100-000000933,2024-06-30
9MC8505O40005,100-000000933,2024-06-30
9LO6236W20001,100-000000346,2024-06-28
9MC6953O40046,100-000000344,2024-06-27
9ACY501O40037,100-000000933,2024-06-26
9ACX868O40016,100-000000933,2024-06-25
9LO6367W20210,100-000000346,2024-06-23
9LS8131W20091,100-000000346,2024-06-12
9KZ5102X30050,100-000000933,2024-06-11
9LO1719W20048,100-000000346,2024-06-07
9LO1718W20163,100-000000346,2024-06-04
9KS9289Q30082,100-000000344,2024-06-01
9KP7871W20073,100-000000346,2024-05-26
9KQ3842X20192,100-000000346,2024-05-13
9LO5870X20117,100-000000346,2024-05-10
9KR3461N30061,100-000000933,2024-05-09
9LO4714X20089,100-000000346,2024-05-05
9LS8372X20108,100-000000346,2024-04-29
9LS8372X20162,100-000000346,2024-04-24
9KZ4330X30023,100-000000933,2024-04-21
9KR3461N30070,100-000000933,2024-04-21
9KO9754V20109,100-000000346,2024-04-09
9LT2262X20247,100-000000346,2024-04-07
9KT1952R30085,100-000000800,2024-04-01
9LO7902X20064,100-000000346,2024-03-27
9LO6371W20097,100-000000346,2024-03-26
9KS9288Q30087,100-000000344,2024-03-21
9KR4332O30085,100-000000933,2024-03-18
9KS9288Q30009,100-000000344,2024-03-18
9KR3871N30060,100-000000933,2024-03-16
9LO7977X20027,100-000000346,2024-02-16
